utility_sum,utility,intersection_sum,final_intersection,score
0.8156598741378344,0.8156598741378344,0,1.0,0.9078299370689171
1.5224777355661707,0.7612388677830854,4556,0.8235749690210656,0.7924069184020754
2.3017279335098255,0.7672426445032752,14342,0.7531667355087429,0.7602046900060091
3.057519199045267,0.7643797997613168,28791,0.721276719330855,0.7428282595460859
3.865221770447204,0.7730443540894407,50199,0.6889776951672862,0.7310110246283634
