utility_sum,utility,intersection_sum,final_intersection,score
0.0002924961141839,0.0002924961141839,0,1.0,0.500146248057092
0.0005473735476223,0.00027368677381115,1062,0.9549235993208829,0.477598643047347
0.0006838103531389,0.00022793678437963336,2760,0.9479343520090548,0.4740811443967172
0.0008805071383314,0.00022012678458285,5688,0.9396434634974533,0.46993179514101807
0.0009100039339103538,0.00018200078678207076,9149,0.937867572156197,0.46902478647148954
