utility_sum,utility,intersection_sum,final_intersection,score
1.0194938560026401e-08,1.0194938560026401e-08,0,1.0,0.5000000050974693
1.965040508089544e-08,9.82520254044772e-09,2892,0.8778303480905711,0.43891517895788684
2.861138048704248e-08,9.537126829014161e-09,8966,0.831662348390973,0.4158311789640499
3.77758997416322e-08,9.44397493540805e-09,17987,0.8100392869212572,0.40501964818261604
4.731294167559241e-08,9.462588335118482e-09,30503,0.7938289962825279,0.39691450287255814
