itemset,treatment,ate1,ate2,iscore,size_itemset,size_group1,size_group2,support,ni_score,utility,std,diff_means
"{'Age': '18 - 24 years old', 'RaceEthnicity': 'White or of European descent'}","[{'att': 'FormalEducation', 'value': <function parse_treatment.<locals>.<lambda> at 0x0000019F94390DC0>, 'val_specified': 'Associate degree'}]",10082086.197518587,785325.8178654723,9296760.379653117,7233,418,6815,0.1264223166063657,0.6053184484988748,0.6053184484988748,6463863.632392274,22402.698014160967
"{'Country': 'United States', 'RaceEthnicity': 'White or of European descent'}","[{'att': 'DevType_Embeddedapplicationsordevicesdeveloper', 'value': <function parse_treatment.<locals>.<lambda> at 0x0000019F9435F430>, 'val_specified': 0}]",-6097425.499231976,853403.786273139,6950829.285505114,11339,883,10456,0.1981892227291,0.5009669378193766,0.5009669378193766,11451519.846265111,-649191.141471006
"{'Country': 'United States', 'Student': 'No'}","[{'att': 'DevType_Embeddedapplicationsordevicesdeveloper', 'value': <function parse_treatment.<locals>.<lambda> at 0x0000019F9435F3A0>, 'val_specified': 0}]",-5119014.168636885,932551.4612465794,6051565.629883464,12927,1092,11835,0.2259451523255204,0.4540110617120543,0.4540110617120543,11715918.430007093,-714359.029728362
"{'Age': '25 - 34 years old', 'RaceEthnicity': 'White or of European descent', 'Student': 'No', 'UndergradMajor': 'Computer science, computer engineering, or software engineering'}","[{'att': 'WakeTime', 'value': <function parse_treatment.<locals>.<lambda> at 0x0000019F9435F8B0>, 'val_specified': 'Between 5:00 - 6:00 AM'}]",2535039.230645277,606274.2040038198,1928765.0266414576,8852,406,8446,0.1547200811004491,0.1754161982460357,0.1754161982460357,7795888.279869028,21668.791816804325
"{'Country': 'United States', 'Age': '25 - 34 years old'}","[{'att': 'YearsCodingProf', 'value': <function parse_treatment.<locals>.<lambda> at 0x0000019F9435F310>, 'val_specified': '0-2 years'}]",-1344451.6406624431,828411.6953510314,2172863.3360134745,6796,656,6140,0.1187841924038243,0.1953004761982222,0.1953004761982222,13209692.158559738,-1033381.5040756336
