utility_sum,utility,intersection_sum,final_intersection,score
1.0,1.0,0,1.0,1.0
2.0,1.0,0,1.0,1.0
3.0,1.0,0,1.0,1.0
4.0,1.0,0,1.0,1.0
4.999999999995869,0.9999999999991738,0,1.0,0.9999999999995869
