itemset,treatment,ate1,ate2,iscore,size_itemset,size_group1,size_group2,support,ni_score,utility,std,diff_means
"{'DoesDoctorRecommendExercise': 2.0, 'IsHadStroke': 2.0, 'CurrentlySmoke': 0.0}","[{'att': 'Race', 'value': <function parse_treatment.<locals>.<lambda> at 0x0000026E0CDDB790>, 'val_specified': 3.0}, {'att': 'Education', 'value': <function parse_treatment.<locals>.<lambda> at 0x0000026E0CDDBEE0>, 'val_specified': 1.0}]",0.2733525733525741,0.5658914728682143,0.2925388995156401,3254,2089,1165,0.5226469643430774,0.0002924961141839,0.0002924961141839,0.4951957963804717,-0.0080955423565498
"{'CurrentlySmoke': 0.0, 'Married': 1.0}","[{'att': 'Race', 'value': <function parse_treatment.<locals>.<lambda> at 0x0000026E0CDDB5E0>, 'val_specified': 4.0}]",0.1736224133922368,-0.0812875068194221,0.2549099202116589,2114,574,1540,0.3395438483777706,0.0002548774334384,0.0002548774334384,0.4999621824697528,0.003515996198923
"{'DoesDoctorRecommendExercise': 2.0, 'Married': 5.0}","[{'att': 'Education', 'value': <function parse_treatment.<locals>.<lambda> at 0x0000026E0CE68670>, 'val_specified': 1.0}]",0.0646120871938789,0.2010582010582016,0.1364461138643227,1929,1825,104,0.3098297462255059,0.0001364368055166,0.0001364368055166,0.4917486542106174,-0.0752897787144362
"{'IsWorking': 4.0, 'IsHadStroke': 2.0, 'CurrentlySmoke': 0.0}","[{'att': 'IsBornInUSA', 'value': <function parse_treatment.<locals>.<lambda> at 0x0000026E0CE689D0>, 'val_specified': 1.0}]",-0.1381737574861952,0.0585423750561364,0.1967161325423316,2507,770,1737,0.4026662383552843,0.0001966967851925,0.0001966967851925,0.4994364011472287,-0.0548729336294102
"{'DoesDoctorRecommendExercise': 2.0, 'IsHadStroke': 2.0, 'IsWorking': 1.0}","[{'att': 'IsBornInUSA', 'value': <function parse_treatment.<locals>.<lambda> at 0x0000026E0CDDBB80>, 'val_specified': 1.0}]",-0.1514933985654105,-0.1809906291833989,0.0294972306179883,1947,1549,398,0.3127208480565371,2.9496795578953797e-05,2.9496795578953797e-05,0.4857823134783696,0.0691060207428362
