itemset,treatment,ate1,ate2,iscore,size_itemset,size_group1,size_group2,support,ni_score,utility,std,diff_means
{'BornInUSA': 1.0},"[{'att': 'IsWorking', 'value': <function parse_treatment.<locals>.<lambda> at 0x0000020353D6F8B0>, 'val_specified': 4.0}]",-0.0077420488295907,-0.1096914346439583,0.1019493858143676,4928,2540,2388,0.7915194346289752,1.0194938560026401e-08,1.0194938560026401e-08,0.3390423511055914,0.2547639773671506
"{'Race': 1.0, 'IsHadStroke': 2.0, 'IsDiagnosedAsthma': 2.0, 'IsHadHeartAttack': 2.0}","[{'att': 'CurrentlySmoke', 'value': <function parse_treatment.<locals>.<lambda> at 0x0000020353D6F5E0>, 'val_specified': 0.0}]",0.0124699416008235,-0.0820847244203646,0.0945546660211882,3634,1909,1725,0.583681336331513,9.455466520869038e-09,9.455466520869038e-09,0.3258988052938232,0.2368360398114195
"{'Race': 1.0, 'IsDiagnosedAsthma': 2.0, 'BornInUSA': 1.0}","[{'att': 'IsWorking', 'value': <function parse_treatment.<locals>.<lambda> at 0x0000020353D6FA60>, 'val_specified': 4.0}]",-0.0103558965342713,-0.0999656512699971,0.0896097547357257,3182,1551,1631,0.5110825570189528,8.960975406147043e-09,8.960975406147043e-09,0.3600341446841003,0.2784639644287165
"{'Race': 1.0, 'IsHadStroke': 2.0, 'IsHadHeartAttack': 2.0, 'BornInUSA': 1.0}","[{'att': 'IsWorking', 'value': <function parse_treatment.<locals>.<lambda> at 0x0000020353D6FAF0>, 'val_specified': 4.0}]",-0.0127400397307129,-0.1043852338464546,0.0916451941157416,3237,1754,1483,0.5199164792804368,9.16451925458972e-09,9.16451925458972e-09,0.3383953589103539,0.2642856209215656
"{'Race': 1.0, 'IsHadHeartAttack': 2.0, 'BornInUSA': 1.0}","[{'att': 'IsWorking', 'value': <function parse_treatment.<locals>.<lambda> at 0x0000020353D6FC10>, 'val_specified': 4.0}]",-0.0118143531859025,-0.1071847726351304,0.0953704194492279,3376,1761,1615,0.542242210086733,9.53704193396021e-09,9.53704193396021e-09,0.3498407090503569,0.2747109280365962
