itemset,treatment,ate1,ate2,iscore,size_itemset,size_group1,size_group2,support,ni_score,p_v1,p_v2,utility,std,diff_means
{'IsHadHeartAttack': 2},"{'HowOftenCheckInDoctor': 4, 'CurrentlySmoke': 1}",-14.11341260708317,-9.923961533788002,4.189451073295167,6419,2616,6419,0.9061264822134388,0.9001611697137278,[0.00126812],[0.00300905],0.8156598741378344,14.17378404297781,-1.8868312749849565
{'Race': 1},"{'HowOftenCheckInDoctor': 4, 'DoesDoctorRecommendExercise': 2}",-15.724853801168967,-6.630530545067558,9.094323256101411,5041,2057,5041,0.7116036137775268,0.993274693584276,[0.00689634],[0.00704108],0.7068178614283364,14.089188215986638,-2.3126151652704507
"{'IsDiagnosedAsthma': 2, 'IsHadHeartAttack': 2}","{'HowOftenCheckInDoctor': 4, 'CurrentlySmoke': 1}",-14.808021631365428,-8.609557255737919,6.198464375627509,5709,2224,5709,0.8059006211180124,0.966930881456096,[0.01087091],[0.02266938],0.779250197943655,14.118172383753596,-1.9565712380174676
{'IsDiagnosedCancer': 2},"{'HowOftenCheckInDoctor': 4, 'WearsSeatBelt': 2}",-24.190303030302797,-20.02042360060553,4.169879429697261,5955,2478,5955,0.840626764539808,0.8990806591189032,[0.0012302],[0.00046397],0.7557912655354416,14.005636882204051,-1.6725682733495617
{'IsHadStroke': 2},"{'HowOftenCheckInDoctor': 4, 'WearsSeatBelt': 2}",-24.60470409711697,-20.65209302325636,3.952611073860616,6456,2639,6456,0.9113495200451722,0.8862709132297586,[0.00098757],[0.00032467],0.807702571401937,14.070171981495164,-1.8894993503697532
