itemset,treatment,ate1,ate2,iscore,size_itemset,size_group1,size_group2,support,ni_score,utility,std,diff_means
"{'Race': 1.0, 'Married': 1.0}","[{'att': 'HoldHealthInsurance', 'value': <function parse_treatment.<locals>.<lambda> at 0x00000204351881F0>, 'val_specified': 5.0}, {'att': 'FeltNervous', 'value': <function parse_treatment.<locals>.<lambda> at 0x00000204351889D0>, 'val_specified': 4.0}]",-0.8654848800834112,-0.4028259791770596,0.4626589009063515,3939,1920,2019,0.3674440298507462,0.0004625518907808,0.0004625518907808,0.3202480563591878,-0.0378436106983655
"{'IsBornInUSA': 1.0, 'Married': 5.0}","[{'att': 'HoldHealthInsurance', 'value': <function parse_treatment.<locals>.<lambda> at 0x0000020434C52790>, 'val_specified': 5.0}]",-0.1071718225002937,-0.2519957775285366,0.1448239550282428,2595,1254,1341,0.242070895522388,0.0001448134685454,0.0001448134685454,0.2124904551378133,0.0191940599923645
"{'IsBornInUSA': 2.0, 'IsDiagnosedAsthma': 2.0}","[{'att': 'HoldHealthInsurance', 'value': <function parse_treatment.<locals>.<lambda> at 0x0000020434C4CD30>, 'val_specified': 4.0}]",-0.1252102750625139,-0.1710416859229138,0.0458314108603998,2756,1298,1458,0.257089552238806,4.583036061744927e-05,4.583036061744927e-05,0.3109989760731497,0.0041078286527125
"{'IsBornInUSA': 1.0, 'IsWorking': 4.0, 'IsDiagnosedAsthma': 2.0}","[{'att': 'HoldHealthInsurance', 'value': <function parse_treatment.<locals>.<lambda> at 0x000002043427F670>, 'val_specified': 4.0}, {'att': 'DoesDoctorRecommendExercise', 'value': <function parse_treatment.<locals>.<lambda> at 0x000002043427FF70>, 'val_specified': 1.0}]",-0.2905322541084143,-0.1428511262573442,0.1476811278510701,2403,987,1416,0.224160447761194,0.0001476702235301,0.0001476702235301,0.3870927394068681,-0.0530691360568749
"{'IsWorking': 1.0, 'IsBornInUSA': 1.0, 'Married': 1.0}","[{'att': 'TakesAspirinFrequently', 'value': <function parse_treatment.<locals>.<lambda> at 0x0000020435188C10>, 'val_specified': 1.0}, {'att': 'DoesDoctorRecommendExercise', 'value': <function parse_treatment.<locals>.<lambda> at 0x0000020435188CA0>, 'val_specified': 1.0}]",-0.2544916182163044,-0.1592047372644507,0.0952868809518536,2274,1185,1089,0.2121268656716418,9.528234130129488e-05,9.528234130129488e-05,0.274050916572006,-0.0371354511745765
